INSERT INTO devices (id, name, type, status, phone_number) VALUES ('0f5c908a-8af4-4ee8-a1d9-8952a0cdef2a', 'Device 1', 'VEHICLE', 'Active', '6591000000');
INSERT INTO devices (id, name, type, status, phone_number) VALUES ('0458d5aa-c211-446c-b3ac-20dfd07dc4f9', 'Device 2', 'VEHICLE', 'Active', '6591000001');
INSERT INTO devices (id, name, type, status, phone_number) VALUES ('5e41e8df-60f2-4ce6-a4e9-3c7ed68b098b', 'Device 3', 'VEHICLE', 'Active', '6591000002');
INSERT INTO devices (id, name, type, status, phone_number) VALUES ('f2c8e4d1-3a65-4c9e-b292-8b1ffab40cb1', 'Device 4', 'PERSONNEL', 'Active', '6591000003');
INSERT INTO devices (id, name, type, status, phone_number) VALUES ('b1e9c8dd-4d63-40be-bc1b-49c750bf7b50', 'Device 5', 'PERSONNEL', 'Active', '6591000004');
INSERT INTO devices (id, name, type, status, phone_number) VALUES ('4430ec8c-0bde-4a15-aae1-e68ac2bf3221', 'Device 6', 'PERSONNEL', 'Active', '6591000005');
INSERT INTO devices (id, name, type, status, phone_number) VALUES ('639db37a-4b07-4dba-9a21-16f09b58dba4', 'Device 7', 'CONTAINER', 'Active', '6591000006');
INSERT INTO devices (id, name, type, status, phone_number) VALUES ('be5fdf15-c59a-42dc-adf8-7a925b101041', 'Device 8', 'CONTAINER', 'Active', '6591000007');
INSERT INTO devices (id, name, type, status, phone_number) VALUES ('e8c68ca1-6519-428c-8009-78fb0c71f3b5', 'Device 9', 'CONTAINER', 'Active', '6591000008');
INSERT INTO devices (id, name, type, status, phone_number) VALUES ('8e390c87-c22e-4308-ad5a-19ab26e93fb8', 'Device 10', 'ASSET', 'Active', '6591000009');
INSERT INTO devices (id, name, type, status, phone_number) VALUES ('11822f82-f03c-454d-8f29-a841e112ad61', 'Device 11', 'ASSET', 'Active', '6591000010');
INSERT INTO devices (id, name, type, status, phone_number) VALUES ('d8dfa439-af59-4700-8f1a-6e1644e82ae9', 'Device 12', 'ASSET', 'Active', '6591000011');
INSERT INTO device_location (device_id, area_type, latitude, longitude, radius) VALUES ('0f5c908a-8af4-4ee8-a1d9-8952a0cdef2a', 'CIRCLE', 1.4062, 103.9022, 50);
INSERT INTO device_location (device_id, area_type, latitude, longitude, radius) VALUES ('0458d5aa-c211-446c-b3ac-20dfd07dc4f9', 'CIRCLE', 1.4062, 103.9022, 50);
INSERT INTO device_location (device_id, area_type, latitude, longitude, radius) VALUES ('5e41e8df-60f2-4ce6-a4e9-3c7ed68b098b', 'CIRCLE', 1.4062, 103.9022, 50);
INSERT INTO device_location (device_id, area_type, latitude, longitude, radius) VALUES ('f2c8e4d1-3a65-4c9e-b292-8b1ffab40cb1', 'CIRCLE', 1.3521, 103.8198, 50);
INSERT INTO device_location (device_id, area_type, latitude, longitude, radius) VALUES ('b1e9c8dd-4d63-40be-bc1b-49c750bf7b50', 'CIRCLE', 1.2956, 103.8583, 50);
INSERT INTO device_location (device_id, area_type, latitude, longitude, radius) VALUES ('4430ec8c-0bde-4a15-aae1-e68ac2bf3221', 'CIRCLE', 1.324, 103.9385, 50);
INSERT INTO device_location (device_id, area_type, latitude, longitude, radius) VALUES ('639db37a-4b07-4dba-9a21-16f09b58dba4', 'CIRCLE', 1.3, 103.8, 50);
INSERT INTO device_location (device_id, area_type, latitude, longitude, radius) VALUES ('be5fdf15-c59a-42dc-adf8-7a925b101041', 'CIRCLE', 1.3456, 103.6789, 50);
INSERT INTO device_location (device_id, area_type, latitude, longitude, radius) VALUES ('e8c68ca1-6519-428c-8009-78fb0c71f3b5', 'CIRCLE', 1.3123, 103.9123, 50);
INSERT INTO device_location (device_id, area_type, latitude, longitude, radius) VALUES ('8e390c87-c22e-4308-ad5a-19ab26e93fb8', 'CIRCLE', 1.33, 103.76, 50);
INSERT INTO device_location (device_id, area_type, latitude, longitude, radius) VALUES ('11822f82-f03c-454d-8f29-a841e112ad61', 'CIRCLE', 1.31, 103.85, 50);
INSERT INTO device_location (device_id, area_type, latitude, longitude, radius) VALUES ('d8dfa439-af59-4700-8f1a-6e1644e82ae9', 'CIRCLE', 1.2988, 103.848, 50);
INSERT INTO device_status (device_id, signal_strength, network_type, battery_level, connectivity_status) VALUES ('0f5c908a-8af4-4ee8-a1d9-8952a0cdef2a', 'Strong', '5G', '90%', 'CONNECTED_DATA');
INSERT INTO device_status (device_id, signal_strength, network_type, battery_level, connectivity_status) VALUES ('0458d5aa-c211-446c-b3ac-20dfd07dc4f9', 'Strong', '5G', '90%', 'CONNECTED_DATA');
INSERT INTO device_status (device_id, signal_strength, network_type, battery_level, connectivity_status) VALUES ('5e41e8df-60f2-4ce6-a4e9-3c7ed68b098b', 'Strong', '5G', '90%', 'CONNECTED_DATA');
INSERT INTO device_status (device_id, signal_strength, network_type, battery_level, connectivity_status) VALUES ('f2c8e4d1-3a65-4c9e-b292-8b1ffab40cb1', 'Strong', '5G', '90%', 'CONNECTED_DATA');
INSERT INTO device_status (device_id, signal_strength, network_type, battery_level, connectivity_status) VALUES ('b1e9c8dd-4d63-40be-bc1b-49c750bf7b50', 'Strong', '5G', '90%', 'CONNECTED_DATA');
INSERT INTO device_status (device_id, signal_strength, network_type, battery_level, connectivity_status) VALUES ('4430ec8c-0bde-4a15-aae1-e68ac2bf3221', 'Strong', '5G', '90%', 'CONNECTED_DATA');
INSERT INTO device_status (device_id, signal_strength, network_type, battery_level, connectivity_status) VALUES ('639db37a-4b07-4dba-9a21-16f09b58dba4', 'Strong', '5G', '90%', 'CONNECTED_DATA');
INSERT INTO device_status (device_id, signal_strength, network_type, battery_level, connectivity_status) VALUES ('be5fdf15-c59a-42dc-adf8-7a925b101041', 'Strong', '5G', '90%', 'CONNECTED_DATA');
INSERT INTO device_status (device_id, signal_strength, network_type, battery_level, connectivity_status) VALUES ('e8c68ca1-6519-428c-8009-78fb0c71f3b5', 'Strong', '5G', '90%', 'CONNECTED_DATA');
INSERT INTO device_status (device_id, signal_strength, network_type, battery_level, connectivity_status) VALUES ('8e390c87-c22e-4308-ad5a-19ab26e93fb8', 'Strong', '5G', '90%', 'CONNECTED_DATA');
INSERT INTO device_status (device_id, signal_strength, network_type, battery_level, connectivity_status) VALUES ('11822f82-f03c-454d-8f29-a841e112ad61', 'Strong', '5G', '90%', 'CONNECTED_DATA');
INSERT INTO device_status (device_id, signal_strength, network_type, battery_level, connectivity_status) VALUES ('d8dfa439-af59-4700-8f1a-6e1644e82ae9', 'Strong', '5G', '90%', 'CONNECTED_DATA');
INSERT INTO cell_sectors (eci, gnodeb_id, sector_id, latitude, longitude, coverage_radius, operator) VALUES ('1077560320', '4209220', 0, 1.3091, 103.8046, 250, 'StarHub');
INSERT INTO cell_sectors (eci, gnodeb_id, sector_id, latitude, longitude, coverage_radius, operator) VALUES ('1077560321', '4209220', 1, 1.301, 103.8089, 275, 'StarHub');
INSERT INTO cell_sectors (eci, gnodeb_id, sector_id, latitude, longitude, coverage_radius, operator) VALUES ('1077560322', '4209220', 2, 1.3073, 103.8087, 300, 'StarHub');
INSERT INTO cell_sectors (eci, gnodeb_id, sector_id, latitude, longitude, coverage_radius, operator) VALUES ('1077867520', '4210420', 0, 1.3067, 103.8088, 250, 'StarHub');
INSERT INTO cell_sectors (eci, gnodeb_id, sector_id, latitude, longitude, coverage_radius, operator) VALUES ('1077867521', '4210420', 1, 1.3067, 103.8074, 275, 'StarHub');
INSERT INTO cell_sectors (eci, gnodeb_id, sector_id, latitude, longitude, coverage_radius, operator) VALUES ('1077867522', '4210420', 2, 1.3089, 103.808, 300, 'StarHub');
INSERT INTO cell_sectors (eci, gnodeb_id, sector_id, latitude, longitude, coverage_radius, operator) VALUES ('1079142400', '4215400', 0, 1.3002, 103.8035, 250, 'StarHub');
INSERT INTO cell_sectors (eci, gnodeb_id, sector_id, latitude, longitude, coverage_radius, operator) VALUES ('1079142401', '4215400', 1, 1.3077, 103.8015, 275, 'StarHub');
INSERT INTO cell_sectors (eci, gnodeb_id, sector_id, latitude, longitude, coverage_radius, operator) VALUES ('1079142402', '4215400', 2, 1.3027, 103.8043, 300, 'StarHub');
INSERT INTO cell_sectors (eci, gnodeb_id, sector_id, latitude, longitude, coverage_radius, operator) VALUES ('1079280640', '4215940', 0, 1.3018, 103.8064, 250, 'StarHub');
INSERT INTO cell_sectors (eci, gnodeb_id, sector_id, latitude, longitude, coverage_radius, operator) VALUES ('1079280641', '4215940', 1, 1.3098, 103.801, 275, 'StarHub');
INSERT INTO cell_sectors (eci, gnodeb_id, sector_id, latitude, longitude, coverage_radius, operator) VALUES ('1079280642', '4215940', 2, 1.3018, 103.8027, 300, 'StarHub');
INSERT INTO cell_sectors (eci, gnodeb_id, sector_id, latitude, longitude, coverage_radius, operator) VALUES ('1080785920', '4221820', 0, 1.3019, 103.8003, 250, 'StarHub');
INSERT INTO cell_sectors (eci, gnodeb_id, sector_id, latitude, longitude, coverage_radius, operator) VALUES ('1080785921', '4221820', 1, 1.3, 103.8068, 275, 'StarHub');
INSERT INTO cell_sectors (eci, gnodeb_id, sector_id, latitude, longitude, coverage_radius, operator) VALUES ('1080785922', '4221820', 2, 1.3073, 103.8033, 300, 'StarHub');
INSERT INTO cell_sectors (eci, gnodeb_id, sector_id, latitude, longitude, coverage_radius, operator) VALUES ('1081041920', '4222820', 0, 1.3015, 103.8021, 250, 'StarHub');
INSERT INTO cell_sectors (eci, gnodeb_id, sector_id, latitude, longitude, coverage_radius, operator) VALUES ('1081041921', '4222820', 1, 1.3099, 103.8044, 275, 'StarHub');
INSERT INTO cell_sectors (eci, gnodeb_id, sector_id, latitude, longitude, coverage_radius, operator) VALUES ('1081041922', '4222820', 2, 1.3085, 103.8075, 300, 'StarHub');
INSERT INTO cell_sectors (eci, gnodeb_id, sector_id, latitude, longitude, coverage_radius, operator) VALUES ('1083755520', '4233420', 0, 1.3022, 103.8081, 250, 'StarHub');
INSERT INTO cell_sectors (eci, gnodeb_id, sector_id, latitude, longitude, coverage_radius, operator) VALUES ('1083755521', '4233420', 1, 1.3086, 103.8083, 275, 'StarHub');
INSERT INTO cell_sectors (eci, gnodeb_id, sector_id, latitude, longitude, coverage_radius, operator) VALUES ('1083755522', '4233420', 2, 1.3035, 103.8065, 300, 'StarHub');
INSERT INTO cell_sectors (eci, gnodeb_id, sector_id, latitude, longitude, coverage_radius, operator) VALUES ('1086924800', '4245800', 0, 1.3097, 103.8015, 250, 'StarHub');
INSERT INTO cell_sectors (eci, gnodeb_id, sector_id, latitude, longitude, coverage_radius, operator) VALUES ('1086924801', '4245800', 1, 1.3035, 103.8095, 275, 'StarHub');
INSERT INTO cell_sectors (eci, gnodeb_id, sector_id, latitude, longitude, coverage_radius, operator) VALUES ('1086924802', '4245800', 2, 1.308, 103.8016, 300, 'StarHub');
INSERT INTO cell_sectors (eci, gnodeb_id, sector_id, latitude, longitude, coverage_radius, operator) VALUES ('1091486720', '4263620', 0, 1.3076, 103.8059, 250, 'StarHub');
INSERT INTO cell_sectors (eci, gnodeb_id, sector_id, latitude, longitude, coverage_radius, operator) VALUES ('1091486721', '4263620', 1, 1.3065, 103.8019, 275, 'StarHub');
INSERT INTO cell_sectors (eci, gnodeb_id, sector_id, latitude, longitude, coverage_radius, operator) VALUES ('1091486722', '4263620', 2, 1.303, 103.8012, 300, 'StarHub');
INSERT INTO cell_sectors (eci, gnodeb_id, sector_id, latitude, longitude, coverage_radius, operator) VALUES ('1092198400', '4266400', 0, 1.3051, 103.8009, 250, 'StarHub');
INSERT INTO cell_sectors (eci, gnodeb_id, sector_id, latitude, longitude, coverage_radius, operator) VALUES ('1092198401', '4266400', 1, 1.3045, 103.8048, 275, 'StarHub');
INSERT INTO cell_sectors (eci, gnodeb_id, sector_id, latitude, longitude, coverage_radius, operator) VALUES ('1092198402', '4266400', 2, 1.3025, 103.8048, 300, 'StarHub');
INSERT INTO cell_sectors (eci, gnodeb_id, sector_id, latitude, longitude, coverage_radius, operator) VALUES ('1290398720', '5040620', 0, 1.3075, 103.8, 250, 'StarHub');
INSERT INTO cell_sectors (eci, gnodeb_id, sector_id, latitude, longitude, coverage_radius, operator) VALUES ('1290398721', '5040620', 1, 1.3058, 103.8034, 275, 'StarHub');
INSERT INTO cell_sectors (eci, gnodeb_id, sector_id, latitude, longitude, coverage_radius, operator) VALUES ('1290398722', '5040620', 2, 1.308, 103.8061, 300, 'StarHub');
INSERT INTO cell_sectors (eci, gnodeb_id, sector_id, latitude, longitude, coverage_radius, operator) VALUES ('1294750720', '5057620', 0, 1.3093, 103.8021, 250, 'StarHub');
INSERT INTO cell_sectors (eci, gnodeb_id, sector_id, latitude, longitude, coverage_radius, operator) VALUES ('1294750721', '5057620', 1, 1.3065, 103.805, 275, 'StarHub');
INSERT INTO cell_sectors (eci, gnodeb_id, sector_id, latitude, longitude, coverage_radius, operator) VALUES ('1294750722', '5057620', 2, 1.3024, 103.805, 300, 'StarHub');
INSERT INTO cell_sectors (eci, gnodeb_id, sector_id, latitude, longitude, coverage_radius, operator) VALUES ('1322608640', '5166440', 0, 1.3095, 103.8079, 250, 'StarHub');
INSERT INTO cell_sectors (eci, gnodeb_id, sector_id, latitude, longitude, coverage_radius, operator) VALUES ('1322608641', '5166440', 1, 1.3074, 103.8084, 275, 'StarHub');
INSERT INTO cell_sectors (eci, gnodeb_id, sector_id, latitude, longitude, coverage_radius, operator) VALUES ('1322608642', '5166440', 2, 1.3028, 103.8029, 300, 'StarHub');